overall_completeness_class,row_count,percentage
complete,19,6.333333333333334
moderate,175,58.333333333333336
sparse,36,12.0
strong,70,23.333333333333332
