primary_category,row_count,avg_completeness
agrotourism,26,61.30769230769231
beach,31,62.096774193548384
camping,4,58.5
culture,1,86.0
education,1,64.0
family,2,66.5
forest,5,72.8
hill,15,66.93333333333334
history,15,59.93333333333333
island,11,59.54545454545455
lake,2,83.5
mountain,7,67.42857142857143
museum,2,78.5
nature,3,62.0
other,80,68.225
park,50,63.3
recreation,16,67.0625
religious,2,90.0
river,1,86.0
waterfall,17,70.29411764705883
waterpark,9,71.0
