overall_completeness_class,row_count,percentage
complete,43,1.3738019169329074
moderate,1787,57.09265175718849
sparse,134,4.281150159744409
strong,1166,37.25239616613418
