layer,covered,percentage
address,2991,0.955591054313099
phone,752,0.2402555910543131
website,83,0.026517571884984027
opening_hours,1141,0.3645367412140575
facilities,2445,0.7811501597444089
