layer,covered,percentage
address,6,0.6666666666666666
phone,2,0.2222222222222222
website,0,0.0
opening_hours,1,0.1111111111111111
facilities,5,0.5555555555555556
